TransactionId,GameId,Quantity
1,1233,10
2,1498,5
3,5281,8
4,5590,2
5,5476,10
6,2285,1
7,7379,5
8,6596,9
9,215,4
10,8387,6
11,6475,4
12,6805,8
13,4628,5
14,6217,8
15,13730,5
16,9781,4
17,11902,3
18,13498,1
19,1779,3
20,1250,2
21,12193,10
22,16222,1
23,12988,7
24,2404,6
25,15667,1
26,6702,6
27,11965,4
28,16478,9
29,6990,2
30,4413,3
31,12302,5
32,3451,4
33,2411,5
34,3728,2
35,15973,8
36,12649,3
37,16143,3
38,14126,3
39,6766,2
40,9017,3
41,10353,10
42,9569,2
43,5368,2
44,11476,9
45,1602,3
46,11035,3
47,15534,9
48,4095,4
49,15891,2
50,8481,10
51,10019,10
52,13207,3
53,7626,3
54,6515,8
55,9988,5
56,7157,5
57,9108,5
58,4785,3
59,9778,9
60,7747,4
61,8852,6
62,999,3
63,11285,10
64,11853,2
65,3290,2
66,10169,8
67,13897,3
68,14537,2
69,15509,5
70,9087,4
71,1060,8
72,13334,9
73,5201,10
74,11778,10
75,10189,10
76,16136,10
77,6689,7
78,15964,6
79,6134,1
80,9194,6
81,16413,3
82,5412,6
83,7811,10
84,14410,8
85,4788,6
86,4151,7
87,2497,4
88,4568,9
89,11460,7
90,9407,1
91,4455,8
92,2318,3
93,11916,9
94,15840,5
95,8463,9
96,15513,2
97,8864,1
98,2181,10
99,16317,1
100,1238,5
101,1660,6
102,10559,7
103,8270,2
104,6149,10
105,12319,7
106,14398,2
107,11682,9
108,5113,9
109,9970,10
110,15613,1
111,14123,9
112,9222,1
113,16534,2
114,6865,3
115,10243,8
116,7513,7
117,13489,8
118,74,4
119,5545,1
120,14947,9
121,15481,5
122,14129,4
123,5884,4
124,15774,6
125,6814,2
126,9000,5
127,4254,3
128,10605,2
129,12396,1
130,11813,1
131,9265,1
132,1944,6
133,9782,8
134,10782,7
135,13845,2
136,10789,8
137,10516,3
138,261,5
139,9784,6
140,4072,8
141,8285,1
142,2365,8
143,4043,4
144,979,8
145,7533,6
146,16058,4
147,8372,2
148,15670,6
149,6928,9
150,14869,4
151,10358,5
152,13663,4
153,4956,7
154,12654,8
155,1201,4
156,7691,1
157,331,9
158,14543,3
159,5240,9
160,6635,9
161,1030,3
162,13839,5
163,8406,8
164,15119,7
165,4674,3
166,11124,2
167,12512,3
168,2126,10
169,7070,5
170,4439,5
171,4245,7
172,11267,1
173,4083,7
174,6844,3
175,15504,6
176,5513,6
177,2554,7
178,7230,10
179,276,3
180,391,9
181,2225,9
182,9631,7
183,14998,1
184,11333,4
185,12174,1
186,14677,10
187,8671,10
188,2413,3
189,1041,3
190,5822,9
191,12255,6
192,15258,8
193,10942,4
194,11725,5
195,4450,8
196,187,4
197,15984,10
198,3753,5
199,10126,4
200,8776,9
201,2031,6
202,3708,6
203,15195,4
204,2004,10
205,14074,9
206,8345,6
207,7769,1
208,2993,10
209,16181,6
210,9469,9
211,7781,4
212,502,1
213,9404,2
214,6351,8
215,8491,9
216,452,2
217,13182,4
218,14704,1
219,2541,9
220,13396,10
221,1186,3
222,955,7
223,10218,7
224,1634,6
225,14236,5
226,7125,10
227,10439,1
228,12333,1
229,1049,5
230,6885,6
231,13705,3
232,14332,5
233,12622,7
234,4957,3
235,2832,8
236,5769,10
237,5708,1
238,14039,7
239,12454,9
240,6169,4
241,13583,1
242,5664,2
243,5397,6
244,13786,6
245,15842,10
246,11367,2
247,13036,4
248,5404,3
249,15451,1
250,3366,10
251,5658,10
252,3520,10
253,9093,4
254,6088,10
255,1993,10
256,3035,6
257,3777,4
258,7377,7
259,10676,5
260,6555,3
261,747,5
262,1185,7
263,4096,7
264,13784,5
265,8867,6
266,13120,4
267,7206,3
268,14108,1
269,9952,4
270,15171,8
271,14335,10
272,1291,6
273,16342,10
274,12301,4
275,15518,2
276,14203,10
277,6177,5
278,7974,7
279,5753,1
280,10485,4
281,5447,3
282,15215,10
283,744,8
284,11649,2
285,9922,2
286,9196,6
287,1748,1
288,213,1
289,14387,10
290,32,9
291,4993,9
292,1647,8
293,15423,7
294,9779,6
295,3980,3
296,4302,2
297,7414,4
298,879,1
299,15092,8
300,5444,4
301,12494,3
302,10430,10
303,420,7
304,15526,10
305,14884,2
306,9614,10
307,7175,6
308,4570,6
309,1091,4
310,7644,2
311,15731,8
312,12423,8
313,577,7
314,3220,9
315,2382,2
316,9824,3
317,2113,2
318,2319,3
319,6939,3
320,15889,7
321,6980,10
322,13162,6
323,11006,8
324,4472,7
325,7318,7
326,6493,9
327,13315,4
328,8948,1
329,3135,2
330,3353,10
331,4698,7
332,13417,2
333,3142,3
334,1393,3
335,11286,6
336,4050,3
337,12935,2
338,13825,5
339,13872,5
340,5101,6
341,6790,10
342,4914,2
343,7536,6
344,2226,7
345,282,1
346,6275,6
347,6020,8
348,9196,4
349,3402,7
350,13097,8
351,4247,6
352,6237,8
353,1426,2
354,10919,6
355,5763,8
356,3918,1
357,3855,4
358,8942,5
359,15470,9
360,15652,7
361,9630,1
362,1782,1
363,5705,8
364,6331,9
365,4857,10
366,2802,10
367,11067,7
368,6511,1
369,1825,1
370,13840,9
371,2162,10
372,958,2
373,7004,5
374,8982,1
375,7442,2
376,6639,2
377,7800,2
378,4086,4
379,6139,7
380,3740,8
381,8798,3
382,6274,7
383,3934,2
384,14211,1
385,4951,9
386,8671,4
387,13512,2
388,15905,10
389,13050,5
390,5374,10
391,8750,4
392,13501,4
393,11451,10
394,6654,1
395,8655,8
396,2275,8
397,10469,3
398,16387,8
399,1677,7
400,2925,9
401,7961,2
402,5762,9
403,10099,1
404,10771,8
405,1004,4
406,2626,4
407,15,2
408,15156,8
409,11948,1
410,12739,8
411,15169,4
412,14322,6
413,1627,2
414,1754,8
415,7554,1
416,6194,4
417,634,4
418,14339,2
419,10126,9
420,13953,5
421,15631,6
422,4005,4
423,6482,10
424,9679,5
425,8127,3
426,1241,4
427,12421,10
428,10439,6
429,8196,7
430,13979,3
431,5474,9
432,8773,10
433,13807,9
434,7551,10
435,4252,9
436,5518,8
437,7670,10
438,1460,8
439,8065,5
440,355,3
441,12911,6
442,2972,7
443,11240,9
444,12285,6
445,13627,1
446,6289,3
447,5586,7
448,4698,9
449,4075,2
450,13745,9
451,811,6
452,4878,5
453,16262,10
454,13683,6
455,7681,10
456,12946,7
457,4617,9
458,13664,5
459,3012,7
460,8409,7
461,13932,4
462,13442,4
463,15492,10
464,9869,2
465,11403,3
466,15575,2
467,4070,9
468,12758,3
469,14978,4
470,10342,2
471,10359,2
472,15939,6
473,7536,6
474,8320,3
475,11926,9
476,7782,3
477,8220,8
478,2256,6
479,16574,9
480,13555,10
481,15683,1
482,16587,5
483,489,9
484,4129,5
485,16047,6
486,4184,5
487,2173,4
488,3287,4
489,1008,9
490,15657,8
491,15123,4
492,5216,6
493,8231,9
494,8472,6
495,746,7
496,11183,4
497,15893,3
498,14738,10
499,3280,10
500,7843,9
501,6704,8
502,11199,1
503,441,4
504,4787,2
505,1542,2
506,12695,7
507,8413,1
508,3043,10
509,3488,3
510,70,4
511,4278,1
512,2717,7
513,13952,10
514,4056,8
515,8383,7
516,14896,3
517,874,9
518,2077,2
519,9661,3
520,11972,1
521,11646,9
522,13246,4
523,5809,3
524,13091,6
525,15884,1
526,6797,7
527,9884,2
528,1890,5
529,7878,8
530,14009,9
531,5722,3
532,5077,10
533,6481,9
534,15007,7
535,7975,4
536,1637,9
537,1867,1
538,6729,2
539,2524,10
540,2741,7
541,7758,1
542,13882,1
543,4338,8
544,14040,7
545,11379,2
546,3984,9
547,10533,5
548,9997,6
549,8992,10
550,2720,6
551,14930,6
552,12235,7
553,1506,6
554,9901,10
555,12120,3
556,7404,8
557,13219,3
558,14305,10
559,13011,8
560,15757,8
561,10324,6
562,2218,2
563,572,2
564,3756,5
565,1379,4
566,4350,5
567,5145,2
568,10041,6
569,14278,10
570,10662,10
571,2755,5
572,11525,7
573,6758,7
574,1822,5
575,5210,7
576,1213,2
577,2973,1
578,1243,7
579,15755,8
580,5047,3
581,135,1
582,4259,10
583,4402,4
584,3859,3
585,8444,1
586,8680,5
587,4143,1
588,3546,5
589,3156,2
590,3829,5
591,3325,2
592,122,2
593,1241,4
594,13775,2
595,3710,6
596,15441,4
597,14136,4
598,5516,8
599,14016,7
600,2829,2
601,15096,1
602,10967,10
603,16034,10
604,8161,3
605,11384,10
606,13729,5
607,3399,6
608,3442,3
609,9085,5
610,8865,5
611,11873,7
612,10662,10
613,569,3
614,8157,2
615,10998,2
616,15019,2
617,1605,10
618,12606,2
619,12959,7
620,1774,1
621,10535,6
622,8424,2
623,16515,3
624,15113,1
625,2660,5
626,12022,9
627,10304,4
628,15530,9
629,5607,8
630,10938,6
631,8402,10
632,11354,4
633,3639,1
634,12914,7
635,15081,2
636,12491,6
637,15173,3
638,604,3
639,12663,6
640,16577,9
641,11851,7
642,7114,4
643,7215,2
644,11570,1
645,10445,7
646,14958,4
647,7335,2
648,8301,8
649,6683,6
650,7695,9
651,5318,2
652,3230,9
653,10789,8
654,5145,3
655,11566,10
656,14088,6
657,5381,1
658,10793,6
659,8010,6
660,8265,2
661,2832,6
662,5006,4
663,2121,10
664,4217,9
665,2116,5
666,12409,4
667,15681,2
668,6250,2
669,4843,8
670,69,3
671,36,6
672,5321,4
673,1543,1
674,10079,8
675,6462,10
676,5331,10
677,12019,1
678,4198,2
679,11948,3
680,12320,4
681,10615,3
682,15651,9
683,6565,10
684,563,10
685,13300,9
686,4810,6
687,11885,3
688,13688,10
689,13692,2
690,11087,4
691,989,3
692,13004,5
693,4003,9
694,7746,10
695,12227,8
696,6184,5
697,13504,5
698,14355,1
699,16376,4
700,5054,2
701,5804,4
702,149,8
703,13741,2
704,9266,7
705,9089,5
706,9774,6
707,14412,6
708,10121,10
709,13331,4
710,7629,7
711,2612,2
712,15165,5
713,8370,1
714,6467,3
715,13045,7
716,6526,1
717,2654,7
718,4178,7
719,14783,7
720,12610,7
721,6833,6
722,8936,3
723,1471,2
724,12029,5
725,3408,2
726,12092,2
727,882,10
728,5593,5
729,7850,8
730,6496,7
731,14376,5
732,6383,7
733,12710,8
734,13565,7
735,9049,9
736,10236,1
737,15601,6
738,5009,5
739,9827,8
740,8885,4
741,11653,2
742,4628,9
743,3961,7
744,16034,9
745,10755,6
746,6453,2
747,11901,3
748,6862,4
749,8410,3
750,5793,6
751,2822,7
752,5708,8
753,3332,5
754,5533,8
755,15546,4
756,14787,6
757,23,7
758,8454,10
759,10629,3
760,12403,6
761,9938,3
762,14504,9
763,5104,6
764,8750,6
765,5795,5
766,2371,10
767,12922,10
768,10655,10
769,5015,6
770,16415,6
771,9554,1
772,2389,2
773,15034,3
774,6481,7
775,10858,1
776,14760,9
777,12738,2
778,4803,4
779,4148,10
780,475,2
781,9631,8
782,855,5
783,8730,7
784,872,8
785,3862,1
786,1508,6
787,15613,8
788,8206,10
789,9881,3
790,16559,5
791,2132,6
792,9358,1
793,6615,9
794,16467,5
795,3135,8
796,5961,4
797,3162,4
798,6081,10
799,10728,8
800,3003,5
801,2396,3
802,2632,7
803,4640,10
804,14747,5
805,2728,7
806,5118,10
807,15152,1
808,1072,8
809,13327,5
810,8804,6
811,13412,2
812,109,4
813,1647,9
814,8677,5
815,13561,10
816,10989,5
817,8285,1
818,1022,8
819,4640,8
820,1831,4
821,12788,3
822,13936,10
823,9072,5
824,6522,7
825,4276,5
826,7529,1
827,14591,9
828,8802,1
829,5179,7
830,13990,2
831,8769,6
832,10961,3
833,15406,9
834,3612,9
835,5855,1
836,10654,6
837,569,5
838,4073,2
839,7521,2
840,6993,1
841,12562,10
842,13279,5
843,12413,1
844,8628,8
845,11242,5
846,12265,8
847,15140,7
848,395,6
849,12339,3
850,12588,9
851,16283,3
852,15860,2
853,1418,10
854,6999,4
855,5559,9
856,14575,6
857,15662,9
858,10962,4
859,1728,4
860,11631,6
861,10055,10
862,12810,4
863,16078,10
864,15103,1
865,8727,4
866,12539,5
867,15511,3
868,4534,2
869,3668,8
870,4948,8
871,16302,9
872,8579,6
873,4235,2
874,16062,1
875,11685,3
876,15672,10
877,8982,8
878,12877,1
879,6708,1
880,5114,7
881,13615,2
882,15429,1
883,2582,6
884,4047,10
885,7506,3
886,2789,10
887,7211,5
888,1758,4
889,14734,4
890,5983,10
891,704,2
892,9034,8
893,4004,6
894,13429,5
895,3320,3
896,12655,8
897,8510,5
898,6453,3
899,2054,9
900,15003,7
901,15065,7
902,9198,9
903,6720,2
904,6989,6
905,8090,1
906,11080,9
907,5685,9
908,3617,10
909,5908,1
910,2320,9
911,15175,9
912,9386,6
913,3713,7
914,5073,8
915,11650,6
916,4718,7
917,13612,2
918,3099,5
919,1442,7
920,4997,2
921,8988,1
922,1199,1
923,664,1
924,146,1
925,14051,5
926,11016,2
927,12349,2
928,5560,6
929,15427,8
930,4291,1
931,10229,8
932,11533,10
933,4647,9
934,63,10
935,13774,4
936,1154,4
937,9224,2
938,14894,2
939,141,7
940,6104,6
941,10125,5
942,11969,4
943,9855,3
944,12587,5
945,10441,4
946,5992,8
947,4941,1
948,10355,10
949,9000,2
950,4879,7
951,9806,2
952,334,6
953,7401,5
954,7697,4
955,15225,5
956,9831,6
957,2117,6
958,15801,10
959,3447,7
960,15970,2
961,2982,5
962,2435,9
963,6893,3
964,14796,6
965,11185,9
966,6231,6
967,4751,6
968,5959,7
969,3868,10
970,4446,1
971,11982,2
972,9867,4
973,2255,2
974,16162,9
975,10635,1
976,7870,10
977,11495,8
978,4514,2
979,13817,2
980,5933,7
981,4014,2
982,13987,6
983,6718,9
984,968,1
985,6228,4
986,8367,6
987,14369,5
988,13529,2
989,5849,3
990,1618,2
991,12165,9
992,3389,5
993,2095,7
994,4591,3
995,2237,9
996,6609,6
997,13716,9
998,5799,5
999,549,10
1000,13853,2
749,3160,9
159,103,7
52,14391,10
523,8875,3
683,1443,10
563,15395,10
343,6360,8
880,16068,3
990,16420,6
301,10970,7
59,4383,1
959,10968,4
570,9547,10
624,3534,4
649,15360,1
261,15473,5
398,11662,2
517,8788,4
634,565,5
515,10557,2
191,4789,3
989,6565,4
896,15278,4
466,15658,9
915,3997,8
444,7199,6
830,11059,7
368,14199,5
912,13611,6
633,14457,9
160,3672,4
393,6199,2
115,7735,8
373,5563,7
93,4365,4
420,9792,5
37,8386,8
199,2276,10
544,14592,2
692,1417,5
969,9590,5
640,15942,2
813,3977,5
375,10170,1
225,1744,1
145,2612,9
544,10129,9
638,4324,7
462,5861,7
951,15748,4
841,2535,5
866,14641,1
814,6639,2
775,12961,10
996,2399,4
608,6078,9
272,5274,4
594,14800,5
877,6080,4
913,14429,8
572,6607,1
656,9490,10
767,10433,4
816,7079,4
55,1532,5
609,16338,4
141,15576,5
888,2286,4
283,1086,5
917,8117,4
809,4305,4
698,9408,2
428,1828,3
609,2055,6
66,10111,2
233,16550,1
277,2730,3
451,8109,5
43,7625,2
426,13908,3
873,439,1
524,12677,8
526,10723,2
235,14339,2
550,1204,2
721,14698,10
15,4750,9
270,6786,10
829,4842,10
965,2700,10
755,14606,9
98,11083,7
757,13102,9
620,12213,9
225,2791,5
767,12809,3
397,8411,8
304,5998,1
449,13708,9
508,1471,9
193,604,7
825,1833,9
16,5109,7
863,2892,4
572,13308,6
420,16145,2
374,756,6
280,7074,1
964,10789,3
226,10900,8
526,1916,2
187,1893,5
604,13730,4
307,14009,1
380,10125,4
696,13375,7
308,14041,8
486,6029,7
652,15159,2
321,4554,10
771,2705,10
799,11327,6
359,15314,1
55,7423,3
149,15291,3
604,6636,2
200,15718,6
249,4931,3
177,10344,6
597,5654,2
948,5629,3
275,4881,3
473,12407,9
471,1517,10
232,5547,1
303,11153,7
685,6802,9
140,12344,3
420,15894,2
762,15488,5
721,10380,6
26,3766,7
277,2550,6
605,9729,9
739,7585,6
741,13886,7
311,835,10
607,15209,2
506,2066,7
548,4117,3
889,15183,1
948,8729,5
409,8819,1
28,4566,4
658,5528,7
965,15931,7
282,2627,8
563,5668,1
994,8987,1
875,13414,10
102,14543,7
348,15931,7
875,6703,5
177,11294,9
305,9253,8
379,2805,6
397,7596,4
925,9925,3
738,3664,6
573,2137,3
272,6679,8
10,10862,4
857,4836,8
983,16551,5
772,2445,1
806,15951,7
250,4080,5
928,6335,8
364,13192,3
323,7293,9
142,611,4
517,15216,2
977,4161,1
172,7619,2
682,8260,7
264,7348,5
803,15243,8
70,16525,8
383,6522,7
685,12977,6
849,10122,4
137,6153,1
529,7589,3
746,5715,2
665,10334,9
658,15308,10
988,3095,3
865,8141,4
403,2742,8
286,6585,9
545,14003,7
556,5567,2
759,6900,10
61,10038,9
127,14465,6
221,13411,5
199,2762,1
656,809,3
836,12507,8
456,11480,5
959,152,7
600,8840,5
571,8647,6
518,12456,1
440,10954,9
125,15125,9
601,12465,1
128,5421,5
68,5041,9
848,6575,3
921,1620,4
933,9670,5
643,2221,3
710,13685,7
662,10349,6
386,3169,1
3,2997,10
442,12358,6
414,10860,6
940,6537,9
918,10949,1
725,2068,9
428,15456,9
212,11863,8
997,3458,9
933,4990,3
543,838,10
903,10805,9
162,12299,3
135,5964,10
502,8622,5
792,13694,5
763,2774,10
795,11588,1
966,13090,7
459,202,10
442,2325,7
811,8915,9
355,13444,8
32,15750,9
641,2525,8
998,3407,10
818,1108,8
385,14592,9
250,1826,4
783,4249,10
152,3803,3
521,7409,10
196,4138,7
62,11672,4
172,2094,7
962,16004,5
74,4963,3
128,4024,7
200,2690,8
754,1283,6
277,8899,10
48,7888,1
549,11520,1
219,9794,4
545,11803,7
169,6107,6
548,10398,1
4,4364,1
701,1776,9
206,1190,1
914,3802,6
488,15066,10
347,4391,9
1,5120,1
340,3459,2
242,7618,6
375,16010,8
476,7824,2
72,1494,1
107,1924,8
996,14957,5
696,3623,1
333,6971,8
610,8559,3
649,10703,8
96,7861,10
825,15138,1
198,9075,6
435,15751,5
777,14785,3
952,10061,9
57,7065,10
460,9548,5
656,4138,10
150,10530,10
235,7726,1
504,16039,5
744,1498,9
522,8845,1
913,12062,8
904,16040,8
111,9922,9
155,2913,5
273,15795,7
871,8547,2
371,9488,2
855,1281,9
756,4933,10
257,11182,4
519,10149,10
167,14280,2
833,8091,1
779,593,3
28,14091,10
255,15681,8
745,13576,8
774,9305,5
358,6731,10
657,4667,7
843,15178,5
477,15602,9
908,2172,9
802,7813,10
373,7197,4
485,497,10
763,13567,4
333,14266,7
692,6829,2
155,4210,1
384,4934,7
900,4401,3
162,3920,4
545,6419,5
937,5045,2
701,16436,9
354,1082,5
18,11981,3
999,16025,9
546,4578,1
802,14587,8
148,6555,7
593,15652,6
465,3428,3
117,4436,2
877,1066,3
704,13210,8
195,2897,2
787,10927,3
294,7709,1
843,14749,4
353,15702,9
14,9021,1
756,4506,4
470,5564,8
40,9862,9
875,4177,3
869,1317,4
892,1226,2
742,9225,6
666,2090,5
262,3961,9
263,15715,4
949,4013,4
371,8319,1
331,6869,1
944,12713,10
501,9254,6
559,4668,2
440,11690,6
111,11356,10
519,15795,8
207,2713,2
348,15102,2
48,13888,3
828,10342,5
940,10498,3
293,10277,7
952,8735,9
724,11784,6
203,10465,4
117,3157,7
331,15327,2
547,14543,7
132,480,4
236,11027,5
691,8014,8
815,6836,6
574,3531,6
895,11254,1
216,6017,5
125,5182,6
761,15843,7
806,974,7
71,14812,5
266,1557,9
209,15718,6
643,3530,1
824,4603,1
134,12164,9
660,5986,4
805,6309,2
960,12007,6
547,9238,4
935,2330,9
780,13636,8
335,7164,3
75,12108,3
258,14304,3
262,12837,1
167,13895,10
360,12032,2
438,11584,1
288,9766,1
642,11893,3
909,5929,2
39,7574,5
305,3672,10
983,10022,3
291,10596,3
835,12286,6
568,12039,9
769,703,3
255,15523,3
989,13042,5
901,13728,8
660,10918,8
199,7485,6
600,2209,2
388,9454,9
29,11032,8
756,8826,5
684,7859,4
477,9802,6
413,15846,1
369,7385,3
895,6314,6
785,15399,4
986,534,1
562,5960,2
587,14563,6
958,1990,9
858,6894,10
849,7383,6
279,6338,8
931,5148,1
4,5451,7
979,11857,9
700,2076,7
303,14565,8
469,1143,3
447,7009,10
613,11663,8
371,6763,9
972,2952,2
807,9557,9
882,10636,8
8,9433,3
315,11116,3
592,16033,3
442,5365,2
683,10013,1
795,13386,9
259,13115,5
765,3058,1
556,9086,4
555,11084,9
543,3815,7
914,6846,8
214,5428,5
461,1609,3
606,10630,2
723,14231,2
864,6493,7
508,9455,1
260,11536,1
458,2891,3
921,15083,2
670,5229,2
463,6635,1
743,9838,3
626,9623,1
850,10525,2
361,11655,5
824,8584,2
141,9800,4
406,11840,9
121,15335,1
604,12300,3
83,15813,4
496,14763,4
360,1534,2
877,15453,7
715,13411,2
767,14263,3
200,2852,2
641,3290,3
230,4933,10
6,15150,5
95,6436,6
397,1768,10
447,3767,10
396,6049,7
130,12228,5
478,10223,9
832,1190,9
395,6230,5
949,4631,2
436,14501,5
775,13286,2
290,9534,2
127,5354,10
580,9703,5
806,4233,8
426,13021,8
475,10146,5
201,8575,4
986,5872,6
74,698,2
978,11335,1
39,9992,5
371,2648,9
231,15998,9
92,2695,9
357,1445,1
729,5076,9
556,10153,8
534,9217,5
517,3840,6
488,14922,5
601,6624,3
502,276,5
275,46,4
585,14587,9
723,418,2
938,9588,10
975,8448,2
866,8643,8
81,9409,7
328,14664,6
232,6486,1
336,10539,1
894,10141,6
23,13019,7
614,12797,7
168,14471,4
568,5779,2
298,7910,4
979,6119,7
77,8064,7
572,11596,4
29,3870,4
6,4034,3
490,15991,2
667,6330,8
480,13143,4
501,9441,7
193,6651,4
438,486,9
714,5197,7
702,12136,6
844,9769,10
145,10285,2
752,14467,5
808,8716,9
264,13630,5
839,11080,2
139,11202,4
964,10335,9
346,13547,1
882,16505,8
568,2400,4
387,4377,1
849,10220,4
381,6611,4
889,6370,10
139,14842,9
402,7342,4
649,4794,8
794,14391,7
315,8069,9
786,11540,4
856,16417,4
822,5539,10
511,14567,1
165,14742,3
809,6971,8
184,7220,7
689,7550,2
86,7182,7
321,832,9
758,15117,1
6,12477,7
23,4366,1
466,8321,9
857,2661,4
737,5356,8
423,13203,8
811,10495,10
728,16428,9
855,1541,4
219,15359,8
235,668,8
698,7041,6
24,13178,6
421,10847,8
155,13981,9
547,8258,8
614,12155,2
961,8993,1
824,16271,8
550,6938,8
532,9124,10
694,13000,1
970,8845,2
369,13280,6
412,9411,3
545,11711,8
949,4668,9
416,15506,6
454,871,6
316,12975,1
865,7957,2
464,8109,10
690,9277,10
357,4726,3
599,15217,7
564,15263,5
2,4732,9
571,5029,6
763,3363,6
565,7627,5
318,10257,8
875,2381,9
88,13494,6
690,12905,6
283,13814,8
633,14854,7
277,12471,2
824,10608,5
874,6868,8
945,12757,5
514,373,6
883,15721,10
210,11432,2
237,8344,9
743,8332,1
363,642,8
779,2378,6
864,6584,8
210,8337,3
307,2083,7
127,8632,10
16,4876,8
690,9272,1
163,3104,9
702,7466,1
491,4005,4
333,8976,7
166,12052,6
797,12360,8
647,16378,6
595,4376,4
734,14622,9
947,16262,3
909,5705,6
29,13506,4
180,15475,10
561,9608,2
16,2895,5
213,13789,2
164,15584,10
892,1880,3
287,12973,10
683,433,6
181,8770,3
50,781,6
634,6776,6
73,10250,9
823,1724,5
830,7127,8
704,8069,6
509,16231,2
406,15388,5
345,15150,1
614,5663,2
273,14060,10
804,8075,3
870,15585,5
155,7469,1
360,12451,3
395,10896,5
736,16410,10
976,1276,10
511,1642,2
424,10495,8
435,9063,3
349,653,7
789,2821,3
699,10179,5
525,4588,1
199,7444,8
353,14643,10
252,293,4
705,1645,8
77,11174,10
335,966,7
72,13224,2
519,2632,9
753,13556,8
782,14027,8
801,9619,10
282,3015,4
587,14953,2
497,4810,10
197,450,8
879,12316,9
81,4557,2
152,1335,3
525,13346,8
333,14701,6
786,14997,9
899,3838,4
991,5623,7
583,12920,3
762,3464,7
603,14949,3
302,3451,7
338,9473,7
127,12352,10
5,8698,3
725,5997,1
420,12198,4
569,15090,9
411,5973,2
19,7748,8
131,1669,9
417,8714,2
993,5465,1
944,11047,10
926,2180,8
607,14608,10
641,14571,7
630,739,4
155,5990,2
415,2344,4
219,11253,2
804,8960,1
605,9374,3
606,7442,4
365,7172,8
780,9296,7
337,3844,8
381,822,4
99,3436,2
429,13237,2
556,5453,3
192,4026,2
652,4885,7
60,15862,6
228,15904,7
879,9419,6
776,8582,9
476,2030,9
721,12435,8
731,2845,3
361,10743,3
373,12969,3
887,957,4
717,11504,6
509,6493,2
824,15131,9
90,2613,1
24,3719,1
22,14838,7
649,14591,10
981,13152,10
758,15711,3
991,4772,4
718,12890,2
744,9976,8
88,5570,2
75,11974,3
77,8338,4
908,1704,8
838,7766,7
868,4666,7
435,1974,5
510,2349,2
622,8566,1
332,8590,9
398,14395,2
925,127,1
9,3812,2
243,4861,4
517,15560,5
913,15350,7
113,13409,4
846,12462,10
846,4375,6
673,3168,2
566,15649,9
689,4015,2
374,8889,2
383,14807,9
415,1535,3
321,7721,10
702,8324,9
68,15632,5
526,5009,4
401,964,10
360,6780,8
11,4311,10
635,8609,4
6,9979,3
970,10803,6
788,14686,8
675,14361,4
113,867,3
59,9559,4
670,14589,6
73,1664,4
49,4132,2
993,7015,5
801,7332,10
714,4687,8
778,10417,4
179,5673,8
319,14628,9
846,12833,4
527,3812,4
187,7331,4
597,16572,5
769,10228,5
55,9594,9
236,7883,8
906,1607,1
17,11506,4
871,13286,7
593,11198,2
756,1339,3
82,1027,2
884,14761,4
15,6338,3
971,5478,6
845,4722,2
499,8966,6
89,3769,3
763,14554,10
502,14538,3
7,12291,2
138,13026,1
963,12008,3
748,5556,1
6,8051,5
328,6549,8
644,16401,4
340,2846,6
913,2313,5
84,4804,2
407,13823,7
502,10483,6
502,16054,10
703,2048,10
391,9011,5
409,12282,3
788,8283,7
94,4071,5
791,1536,3
521,837,9
50,10890,3
775,496,2
600,12949,4
661,3136,3
12,7926,4
188,10249,3
595,833,7
303,12667,2
884,15027,1
53,14966,4
439,5664,6
709,15605,5
249,8672,7
555,5853,8
374,16442,7
981,3086,3
367,2639,8
440,15763,9
833,4595,5
932,16464,1
107,10607,10
410,16069,1
94,525,4
750,14722,1
665,11993,4
198,2956,5
906,9050,3
441,3753,8
579,12518,9
498,14472,9
400,1863,6
828,15573,8
296,9641,9
699,12479,2
86,1586,2
669,12580,9
767,15704,2
518,15739,6
207,12973,1
584,7591,3
783,5894,9
19,1438,9
762,9235,6
907,11846,3
173,9555,6
348,5723,5
533,15399,7
733,9642,6
656,3325,10
651,1730,5
894,11893,7
702,13462,2
788,15847,7
746,816,3
687,3241,9
922,15473,9
946,16255,5
421,1745,10
700,165,9
199,6772,4
697,9822,1
682,9930,10
195,6686,3
893,6788,10
772,5183,2
233,9487,9
912,10406,1
325,1524,9
167,16490,1
223,15974,9
44,9788,1
290,16321,5
255,12059,1
821,3542,10
801,13464,9
43,3179,9
324,2242,5
671,7528,2
459,4108,2
642,10875,8
78,15151,10
335,4897,5
413,11845,7
870,14886,2
346,15910,1
336,3689,10
606,10688,1
93,10766,6
863,2502,2
102,6995,8
600,15935,5
885,3544,4
578,16095,3
515,1633,6
548,11323,2
161,15279,5
714,15977,5
502,12259,2
220,13524,8
897,8515,2
425,281,3
924,15989,4
13,7164,10
353,2351,4
688,5365,6
857,16498,4
760,8187,6
763,15085,6
301,5801,4
737,6345,7
173,14092,7
560,615,5
707,4610,5
663,1522,6
412,6933,2
65,2500,9
983,2112,3
959,5236,10
800,16564,10
187,3811,4
643,9392,4
456,1799,7
249,12694,9
465,3144,6
201,7622,2
441,14258,4
462,15777,10
460,16546,7
662,16465,8
845,15576,1
684,9393,6
636,15790,10
440,12544,8
305,5300,8
495,5657,4
442,2299,1
838,2034,10
987,14094,8
947,16568,7
245,3138,1
874,2988,1
134,15944,2
350,3011,5
634,8304,1
677,1019,8
272,14994,7
301,4394,5
753,16426,1
472,2552,2
917,11126,9
160,2691,3
482,16397,2
18,3922,4
260,1489,4
916,2028,8
878,11257,3
291,8967,7
840,9623,5
61,8389,2
352,9081,1
252,5068,8
442,2106,7
845,2425,7
300,7312,2
481,3492,10
730,2383,3
453,589,6
856,3282,10
901,16421,2
101,15405,5
390,12138,6
887,9813,8
848,8181,9
297,16435,8
906,5686,8
597,11339,6
935,5996,10
436,11716,9
645,8800,8
163,5207,9
288,13106,3
588,194,1
947,3865,5
131,15472,7
473,7729,1
464,10749,3
350,982,4
607,3462,5
244,1237,8
795,4326,9
630,7185,10
660,9935,4
785,11823,2
761,5676,10
715,14208,5
908,10374,10
320,4400,5
523,1490,10
347,10246,5
184,5864,5
89,3850,3
605,5372,2
404,8927,5
164,15243,8
803,13795,8
183,12628,7
150,7552,4
476,1924,7
517,15890,4
697,8141,7
344,12299,5
180,9260,8
772,676,2
153,12020,2
788,11976,10
564,16008,5
690,3959,3
23,14934,9
249,10719,1
746,12739,8
879,1325,6
871,12626,5
604,13563,7
26,6370,4
280,1908,7
319,14699,3
618,578,4
608,9570,2
368,9729,2
31,9954,1
782,4944,5
262,10009,3
535,2278,4
390,13078,10
699,10777,4
336,6559,1
902,12328,4
685,14497,8
806,9373,7
740,14280,8
875,1706,2
939,2113,8
322,110,6
206,3199,4
488,3343,4
423,16368,4
336,13166,4
785,2985,10
867,7514,3
141,4585,2
250,10573,2
114,9749,6
329,13330,3
648,1719,6
227,13607,8
542,11461,7
84,13593,10
23,9027,2
142,6034,4
20,10843,4
694,9723,5
467,5937,5
233,9125,3
429,11561,9
809,15035,4
412,12704,6
837,453,10
278,14317,1
958,14608,3
132,2597,5
548,6042,6
936,7065,9
662,9518,1
84,13740,5
807,14046,2
935,14204,7
439,5001,3
948,14210,9
738,4078,2
134,13559,9
871,6901,6
270,14521,5
765,16274,7
171,6991,4
398,1560,1
266,3761,10
160,391,2
589,9891,4
83,12488,3
661,2455,8
307,13741,2
924,12098,10
854,13529,10
179,15845,4
401,5747,4
737,5732,8
421,1358,7
188,5822,10
1000,14302,1
860,2314,2
910,10880,3
179,16293,1
231,2209,7
229,14011,3
200,12156,8
842,11953,7
947,4415,4
25,358,8
766,12014,5
634,12166,7
118,8349,4
181,7166,2
857,11107,5
103,9515,3
742,2659,6
985,13590,2
889,14893,7
489,7876,6
807,11737,3
435,8209,7
456,14935,7
437,10404,10
565,3199,2
356,4677,6
307,13535,5
347,1017,2
121,5637,7
511,614,5
702,13435,6
481,812,8
230,12226,9
797,8698,4
139,9564,1
133,10139,10
392,12424,4
542,876,7
135,5614,3
952,15988,9
17,15613,1
762,12089,6
313,14513,4
422,13233,2
929,14349,6
269,938,9
608,10346,9
267,14427,3
817,13796,10
231,5197,8
743,13290,7
256,8917,2
426,5336,9
475,16012,10
928,4648,4
300,1118,9
664,9339,4
768,9680,9
482,6626,5
110,9953,3
182,2647,1
619,12546,10
249,3102,2
543,16173,1
444,2731,1
757,6159,5
913,4783,3
373,6613,7
333,8563,4
320,4175,7
766,13178,9
707,14139,9
79,11708,4
660,4914,1
195,7879,6
348,12214,3
958,13268,6
120,11670,7
37,8109,10
367,14452,2
849,15353,7
123,12136,8
156,8662,8
924,1702,2
728,14425,8
458,302,6
381,16393,2
261,16504,4
679,14535,7
412,758,10
239,8470,10
121,7530,8
994,718,2
224,7126,1
104,13491,6
971,6614,8
631,13094,3
128,3863,10
75,10493,8
504,2413,9
65,2676,2
822,4416,7
193,11835,2
805,3104,10
815,15583,3
885,2188,4
297,14044,2
895,7945,10
210,6734,6
266,4544,5
301,8847,9
77,13324,7
796,8333,7
144,13404,1
619,7979,7
585,725,4
650,486,3
995,156,10
205,12413,7
269,14423,8
928,9541,7
140,5139,10
277,7014,1
880,3446,1
244,3701,10
67,1644,6
976,9143,9
464,3682,3
345,3223,10
850,4278,10
38,243,5
194,11649,6
769,15761,4
221,6162,9
756,15396,8
132,15136,10
823,7299,4
447,10275,8
431,2,8
93,14190,10
440,8133,6
736,14098,3
373,10062,1
347,7492,1
668,9301,5
234,220,4
1,7149,7
723,4325,2
222,12661,8
187,11850,2
410,4351,1
902,13414,6
397,11602,6
964,7612,5
185,15655,3
791,8075,9
77,8680,8
871,6025,9
662,15108,3
962,4118,3
215,2913,8
855,7567,4
790,4581,1
382,4956,2
888,10917,9
641,7019,8
859,4459,8
36,10750,8
377,11260,7
256,8564,9
928,16472,6
192,297,5
100,6439,2
13,7369,1
504,8365,1
836,1059,5
71,1221,5
21,1877,8
490,8481,9
709,426,8
200,16514,7
165,4604,2
18,14725,3
198,14202,7
875,10034,9
792,6076,7
951,9780,4
761,11875,9
699,12859,9
225,2962,5
445,3175,7
685,14398,6
572,9202,9
571,15262,8
967,6446,3
66,9642,5
323,660,6
293,12485,1
147,6027,3
7,7727,6
170,446,4
610,5787,6
857,3872,6
149,8102,4
219,3199,10
446,266,4
105,2408,10
461,7619,4
879,7833,1
93,16042,9
985,6402,5
116,16344,10
298,14415,7
526,15150,8
680,6706,1
72,11367,6
190,2776,1
332,14431,9
650,4737,10
356,16564,9
210,16403,6
644,5481,8
705,4084,2
438,2461,10
558,13036,9
682,4528,10
348,1251,7
632,13712,9
669,11483,4
853,1597,8
726,855,5
683,223,3
895,3532,3
363,162,1
22,8598,5
688,14482,9
816,6001,8
391,111,1
982,8779,3
697,5824,5
313,16412,3
190,9511,3
483,7341,8
149,4420,6
986,10346,9
89,3195,3
513,3569,8
337,11673,8
850,1170,9
356,6258,3
543,13652,4
954,8361,10
309,11171,6
997,11355,8
966,7608,5
224,4624,6
704,4364,8
8,9352,8
601,12895,8
461,232,2
146,7269,8
454,6855,9
786,8133,4
483,8033,4
370,7955,4
878,3327,2
514,15815,9
756,3855,6
904,13114,8
395,11285,6
979,16410,8
412,16176,9
465,12996,6
917,13561,9
427,7798,8
961,2608,6
388,7750,6
603,4017,2
519,9952,9
316,707,6
35,1450,1
189,7049,8
514,9846,8
872,6127,9
728,11191,3
983,12812,2
280,14677,9
535,13915,3
173,15997,9
937,299,7
860,2839,4
796,6408,10
631,1454,8
932,5096,5
498,13976,8
220,13554,8
464,14551,4
247,2294,9
66,4407,5
382,10187,9
134,2381,8
175,15424,5
810,5264,4
978,6269,10
908,15891,1
780,8556,4
815,14120,7
567,14698,6
747,9759,1
607,3219,3
575,14114,10
885,12266,10
989,7973,10
553,11030,5
102,15598,10
913,11840,8
48,6644,10
567,1176,9
108,9169,2
79,9513,2
595,2525,5
273,1468,2
303,14790,9
235,9170,5
967,11339,10
266,10169,8
738,796,9
456,4750,7
796,12388,9
9,1794,2
178,14329,6
50,11785,8
30,11398,5
518,14716,5
721,10683,4
504,1788,9
939,16421,7
104,2250,3
928,13431,3
273,16085,10
371,2674,6
114,2484,3
838,1779,8
392,7705,1
988,13598,9
997,3280,2
344,12893,2
699,8297,3
720,3349,3
888,9203,3
700,750,3
405,15103,3
900,16054,10
693,8031,2
703,5705,2
596,15556,7
143,11503,5
981,14305,10
726,5100,9
725,6424,9
348,5070,8
778,3647,3
285,13073,6
292,12909,7
53,6146,9
500,8508,10
490,1494,6
937,8344,6
509,14536,4
213,13049,2
461,10912,9
4,12181,8
641,1170,5
743,12225,2
47,15263,8
778,8949,7
780,16211,6
86,7136,2
740,16242,6
128,3023,4
293,2870,1
815,1464,2
110,10018,10
852,6569,4
702,9253,8
263,6665,3
143,3955,5
708,13305,9
746,2518,10
512,12555,7
723,8550,3
606,16285,7
739,16088,9
477,10178,7
352,7436,5
96,811,6
414,8411,6
167,822,4
43,5501,10
809,13302,4
293,4406,7
839,15565,9
504,10687,7
212,13622,2
48,16395,3
451,3327,10
566,9889,7
277,11794,3
600,950,8
238,13564,5
437,13255,8
973,2693,9
786,16307,9
808,117,7
813,10007,1
992,10082,4
27,3638,9
332,4813,7
644,2097,5
871,4014,10
764,11356,10
647,15763,1
235,9365,8
200,6281,2
284,13351,8
614,5398,5
910,4702,2
881,16144,1
670,600,5
760,13100,2
871,14028,5
684,9730,1
575,6101,1
210,6425,9
222,11247,8
669,14812,10
469,12354,9
290,2592,2
543,11231,8
144,15028,5
294,15420,10
322,199,6
248,11952,9
30,15663,8
563,3617,3
366,7908,2
197,16235,6
622,12303,2
832,7388,9
256,5399,8
258,14838,1
825,8173,2
650,10414,6
696,8292,2
692,7973,8
166,10319,2
149,11455,7
577,16576,3
820,11378,1
588,7246,4
360,298,5
349,14692,9
946,9592,9
303,12295,6
102,4487,2
603,15281,4
746,3845,5
91,6980,3
931,1986,6
111,5937,6
454,6260,6
724,15974,8
24,12921,3
79,15446,5
64,14698,9
326,11673,9
413,4571,3
309,11139,9
74,9872,1
665,13188,8
449,16213,3
664,14516,2
532,15967,9
325,7900,6
151,15215,10
260,9972,6
569,16066,8
620,1596,7
328,9124,2
834,15747,3
126,5597,6
629,6563,10
776,3782,6
130,15512,3
208,5531,1
485,16322,9
40,8656,6
220,4170,7
754,11580,5
105,15184,9
39,4767,1
430,1078,7
896,1012,6
23,3133,8
148,12000,5
831,13220,10
626,12328,4
891,7743,9
123,2581,7
714,3204,7
464,9956,3
445,15660,2
586,5699,9
206,3112,9
927,2256,1
648,1389,6
56,9179,3
154,14885,3
798,13096,3
430,8227,6
602,14353,2
877,15291,5
224,11954,7
120,13970,8
779,12249,1
531,16574,4
950,9066,8
266,14182,1
247,11542,10
650,11375,5
23,12737,3
588,8878,5
707,4669,10
52,7667,3
447,291,8
324,764,5
844,6927,10
16,734,7
226,8039,6
999,12654,9
913,6324,1
609,11628,5
884,8402,6
519,16036,3
967,14763,4
551,1254,10
359,10268,6
758,590,7
928,15382,10
860,1181,1
703,627,3
369,2394,8
688,4827,8
126,3957,3
405,11686,10
401,12087,10
853,16031,5
938,16560,8
846,12409,2
907,2129,10
488,2643,1
890,1044,6
864,13471,7
456,8449,10
854,9081,8
93,13139,4
801,1477,1
239,1408,2
93,3832,2
68,11879,3
820,10155,9
911,14617,7
956,15139,2
861,6847,9
665,237,7
409,14312,2
636,4281,2
752,15106,8
751,1583,2
107,11330,5
884,12485,5
486,2846,10
441,12175,6
888,16211,8
876,6718,6
449,3508,3
82,5084,6
707,13966,7
280,7706,5
990,9067,6
814,15956,2
131,15797,1
544,14756,1
998,13646,9
223,7267,10
176,5453,8
97,2454,10
284,13532,5
17,14494,4
61,6685,9
763,16032,6
833,3299,4
75,12903,6
918,1579,10
624,16102,3
67,12673,9
187,7931,5
833,8099,2
380,14064,9
851,6552,1
364,10798,9
690,5454,9
118,10723,9
621,10037,4
910,6616,3
823,8482,2
875,3630,10
10,5557,10
90,4817,5
723,7340,10
842,3000,2
777,10235,1
753,5591,4
534,3222,9
545,14549,6
620,6584,4
73,12808,6
810,16463,2
10,14488,8
454,10377,7
971,12883,3
1000,1814,2
98,11475,1
793,7663,8
476,12976,9
994,7618,6
248,8241,7
206,16014,2
678,16319,8
899,394,5
45,13533,6
390,14461,5
961,461,3
313,7204,7
773,8293,1
380,12358,6
764,6323,4
426,436,1
729,4671,2
957,5379,4
490,3424,10
229,667,1
111,10596,2
855,1588,9
59,9855,6
464,9234,3
640,10746,10
78,14271,4
425,2651,1
512,13473,7
141,9099,3
694,5925,6
595,5606,5
791,1184,3
262,15036,4
658,10926,7
954,5545,10
693,10369,3
368,8121,9
778,2818,8
686,13309,1
257,13625,8
441,15012,1
275,13637,9
628,7967,2
362,6121,1
898,653,7
600,16077,10
294,650,9
550,1573,3
585,8060,10
382,15010,2
446,2502,2
389,5481,3
26,13754,9
989,5889,4
80,13134,5
294,8218,10
865,16222,3
562,3886,4
324,8399,10
935,14089,9
117,7652,2
761,725,6
422,2228,6
299,12551,2
283,8520,1
287,11845,10
802,16566,3
252,2437,8
364,9633,3
413,9577,8
711,4056,4
529,9883,8
614,7993,6
664,5451,4
719,12465,4
778,1290,9
707,505,10
573,10622,8
768,8146,3
878,6305,7
9,15714,7
657,7327,7
730,16063,10
726,3825,2
719,12527,4
935,232,9
693,15625,10
995,12549,3
472,335,9
250,1298,6
414,15065,3
795,15569,4
286,10830,1
458,9150,4
734,11809,10
266,14942,10
756,1603,7
451,4175,6
240,14436,6
163,15960,7
185,12677,5
656,10303,6
917,8182,7
382,9093,2
238,4608,3
447,5627,3
54,3174,8
180,13450,9
740,11084,3
38,1069,3
238,7727,10
479,6067,9
972,4237,3
266,12949,9
417,3286,9
853,11455,4
563,9358,4
312,13452,9
172,12693,1
755,14501,1
168,4527,4
700,13278,10
482,11821,5
95,5655,2
549,8397,7
310,9866,8
801,6593,10
223,3082,3
655,15673,5
292,9328,10
207,7335,6
14,3744,1
683,18,5
834,10215,8
5,6314,1
885,13258,2
782,14724,6
510,14706,2
894,10683,6
966,2597,3
200,4099,2
551,13549,8
444,11469,9
699,12360,6
557,10769,3
902,1249,5
376,7343,9
70,375,3
225,5483,4
220,1920,6
19,276,5
363,3623,8
927,14762,7
578,12126,5
638,1950,1
521,6390,5
93,4910,1
400,13358,4
826,11977,5
902,5279,3
78,6718,1
533,14109,4
445,2818,1
624,12583,6
509,10194,9
845,55,3
994,8000,9
400,13455,1
266,16554,4
295,347,3
323,5139,4
194,4463,9
747,8432,2
573,2668,3
710,2353,2
272,4211,1
586,689,1
295,2710,2
314,271,5
421,8685,1
893,1082,3
832,2226,8
653,6339,3
870,14783,1
887,6294,4
26,6839,2
107,11744,1
723,13635,1
602,5036,3
557,15598,7
37,4827,7
995,1328,1
279,16509,1
353,657,4
923,6218,4
